instance,iterations_or_generations,runtime_seconds,initial_cost,final_cost,improvement,pct_allocated,pct_not_allocated
s0m0.dat,1379,0.5277650356292725,485,445,80,100.0,0.0
s0m1.dat,1379,0.6151924133300781,455,445,20,100.0,0.0
s0m2.dat,1379,0.5324146747589111,445,445,50,100.0,0.0
s0m3.dat,1379,0.5762166976928711,475,445,20,100.0,0.0
s100m0.dat,1379,0.5682976245880127,450,410,70,100.0,0.0
s100m1.dat,1379,0.5419538021087646,470,410,10,100.0,0.0
s100m2.dat,1379,0.525444746017456,460,410,20,100.0,0.0
s100m3.dat,1379,0.5327608585357666,460,410,10,100.0,0.0
s101m0.dat,1379,0.4884474277496338,485,355,180,100.0,0.0
s101m1.dat,1379,0.532271146774292,575,355,230,100.0,0.0
s101m2.dat,1379,0.5704336166381836,565,355,150,100.0,0.0
s101m3.dat,1379,0.4762706756591797,545,355,220,100.0,0.0
s102m0.dat,1379,0.34478330612182617,315,225,10,100.0,0.0
s102m1.dat,1379,0.3733408451080322,295,225,50,100.0,0.0
s102m2.dat,1379,0.38952016830444336,265,225,30,100.0,0.0
s102m3.dat,1379,0.3398301601409912,235,225,20,100.0,0.0
s103m0.dat,1379,0.30068182945251465,200,180,120,100.0,0.0
s103m1.dat,1379,0.32330870628356934,210,180,40,100.0,0.0
s103m2.dat,1379,0.3370018005371094,210,180,30,100.0,0.0
s103m3.dat,1379,0.32097411155700684,290,180,30,100.0,0.0
s104m0.dat,1379,0.49304986000061035,540,370,170,100.0,0.0
s104m1.dat,1379,0.5225136280059814,500,370,150,100.0,0.0
s104m2.dat,1379,0.506805419921875,550,370,180,100.0,0.0
s104m3.dat,1379,0.50408935546875,490,370,120,100.0,0.0
s105m0.dat,1379,0.559112548828125,560,410,170,100.0,0.0
s105m1.dat,1379,0.5762076377868652,610,410,140,100.0,0.0
s105m2.dat,1379,0.5107123851776123,570,410,110,100.0,0.0
s105m3.dat,1379,0.564917802810669,570,410,280,100.0,0.0
s106m0.dat,1379,0.48270750045776367,355,285,160,100.0,0.0
s106m1.dat,1379,0.5751521587371826,425,285,170,100.0,0.0
s106m2.dat,1379,0.47856807708740234,415,285,80,100.0,0.0
s106m3.dat,1379,0.4168579578399658,405,285,120,100.0,0.0
s107m0.dat,1379,0.5849967002868652,525,415,100,100.0,0.0
s107m1.dat,1379,0.6103167533874512,475,415,100,100.0,0.0
s107m2.dat,1379,0.5791497230529785,545,415,100,100.0,0.0
s107m3.dat,1379,0.6230018138885498,465,415,80,100.0,0.0
s108m0.dat,1379,0.4862079620361328,630,560,120,100.0,0.0
s108m1.dat,1379,0.5076148509979248,600,560,120,100.0,0.0
s108m2.dat,1379,0.4932079315185547,670,560,100,100.0,0.0
s108m3.dat,1379,0.5097837448120117,670,560,80,100.0,0.0
s109m0.dat,1379,0.5369951725006104,585,455,250,100.0,0.0
s109m1.dat,1379,0.6035487651824951,715,455,240,100.0,0.0
s109m2.dat,1379,0.6506433486938477,645,455,130,100.0,0.0
s109m3.dat,1379,0.5370752811431885,595,455,190,100.0,0.0
s10m0.dat,1379,0.5310103893280029,535,405,160,100.0,0.0
s10m1.dat,1379,0.6097915172576904,565,405,170,100.0,0.0
s10m2.dat,1379,0.5979471206665039,605,405,200,100.0,0.0
s10m3.dat,1379,0.5586426258087158,555,405,110,100.0,0.0
s110m0.dat,1379,0.4764530658721924,440,320,140,100.0,0.0
s110m1.dat,1379,0.48637962341308594,470,320,160,100.0,0.0
s110m2.dat,1379,0.4980931282043457,440,320,210,100.0,0.0
s110m3.dat,1379,0.5031139850616455,520,320,170,100.0,0.0
s111m0.dat,1379,0.48987531661987305,525,425,140,100.0,0.0
s111m1.dat,1379,0.5136370658874512,585,425,170,100.0,0.0
s111m2.dat,1379,0.5819916725158691,525,425,120,100.0,0.0
s111m3.dat,1379,0.5254364013671875,525,425,50,100.0,0.0
s112m0.dat,1379,0.7342476844787598,875,725,160,100.0,0.0
s112m1.dat,1379,0.6327664852142334,865,725,80,100.0,0.0
s112m2.dat,1379,0.656205415725708,835,725,150,100.0,0.0
s112m3.dat,1379,0.7014002799987793,905,725,150,100.0,0.0
s113m0.dat,1379,0.5829753875732422,565,375,160,100.0,0.0
s113m1.dat,1379,0.5168449878692627,485,375,230,100.0,0.0
s113m2.dat,1379,0.5360198020935059,535,375,150,100.0,0.0
s113m3.dat,1379,0.5595302581787109,525,375,240,100.0,0.0
s114m0.dat,1379,0.5595312118530273,600,480,90,100.0,0.0
s114m1.dat,1379,0.8954520225524902,610,480,70,100.0,0.0
s114m2.dat,1379,0.7031636238098145,640,480,200,100.0,0.0
s114m3.dat,1379,0.557471752166748,590,480,60,100.0,0.0
s115m0.dat,1379,0.4972522258758545,440,310,120,100.0,0.0
s115m1.dat,1379,0.47759127616882324,450,310,160,100.0,0.0
s115m2.dat,1379,0.5034866333007812,420,310,40,100.0,0.0
s115m3.dat,1379,0.5351204872131348,330,310,90,100.0,0.0
s116m0.dat,1379,0.42110180854797363,330,245,90,100.0,0.0
s116m1.dat,1379,0.38873863220214844,355,245,0,100.0,0.0
s116m2.dat,1379,0.4448385238647461,350,245,120,100.0,0.0
s116m3.dat,1379,0.42767882347106934,380,245,135,100.0,0.0
s117m0.dat,1379,0.6162078380584717,590,480,270,100.0,0.0
s117m1.dat,1379,0.6025905609130859,660,480,150,100.0,0.0
s117m2.dat,1379,0.5849184989929199,640,480,160,100.0,0.0
s117m3.dat,1379,0.6310405731201172,650,480,140,100.0,0.0
s118m0.dat,1379,0.49695253372192383,530,350,230,100.0,0.0
s118m1.dat,1379,0.47263026237487793,645,350,180,100.0,0.0
s118m2.dat,1379,0.5184791088104248,615,350,210,100.0,0.0
s118m3.dat,1379,0.4795389175415039,620,350,325,100.0,0.0
s119m0.dat,1379,0.4042515754699707,510,330,30,100.0,0.0
s119m1.dat,1379,0.43349432945251465,450,330,110,100.0,0.0
s119m2.dat,1379,0.44878268241882324,375,330,90,100.0,0.0
s119m3.dat,1379,0.4002821445465088,450,330,50,100.0,0.0
s11m0.dat,1379,0.5995724201202393,525,355,130,100.0,0.0
s11m1.dat,1379,0.6034767627716064,605,355,110,100.0,0.0
s11m2.dat,1379,0.5142021179199219,445,355,200,100.0,0.0
s11m3.dat,1379,0.5839464664459229,485,355,130,100.0,0.0
s120m0.dat,1379,0.4750981330871582,455,295,120,100.0,0.0
s120m1.dat,1379,0.4676475524902344,405,295,230,100.0,0.0
s120m2.dat,1379,0.53910231590271,415,295,130,100.0,0.0
s120m3.dat,1379,0.47173333168029785,375,295,120,100.0,0.0
s121m0.dat,1379,0.4803586006164551,525,315,210,100.0,0.0
s121m1.dat,1379,0.530559778213501,535,315,230,100.0,0.0
s121m2.dat,1379,0.49283456802368164,605,315,230,100.0,0.0
s121m3.dat,1379,0.590118408203125,545,315,170,100.0,0.0
s122m0.dat,1379,0.3701505661010742,215,215,0,100.0,0.0
s122m1.dat,1379,0.3818087577819824,245,215,20,100.0,0.0
s122m2.dat,1379,0.43543148040771484,215,215,0,100.0,0.0
s122m3.dat,1379,0.3827857971191406,215,215,0,100.0,0.0
s123m0.dat,1379,0.39058780670166016,205,185,10,100.0,0.0
s123m1.dat,1379,0.3515160083770752,205,185,30,100.0,0.0
s123m2.dat,1379,0.34860944747924805,245,185,90,100.0,0.0
s123m3.dat,1379,0.354489803314209,235,185,30,100.0,0.0
s124m0.dat,1379,0.6151983737945557,725,585,130,100.0,0.0
s124m1.dat,1379,0.6141049861907959,635,585,90,100.0,0.0
s124m2.dat,1379,0.6249630451202393,675,585,190,100.0,0.0
s124m3.dat,1379,0.6374952793121338,715,585,60,100.0,0.0
s125m0.dat,1379,0.5226576328277588,435,355,120,100.0,0.0
s125m1.dat,1379,0.52536940574646,545,355,140,100.0,0.0
s125m2.dat,1379,0.5381851196289062,485,355,90,100.0,0.0
s125m3.dat,1379,0.5487349033355713,555,355,40,100.0,0.0
s126m0.dat,1379,0.4325900077819824,255,245,70,100.0,0.0
s126m1.dat,1379,0.4094715118408203,245,245,90,100.0,0.0
s126m2.dat,1379,0.45513296127319336,245,245,100,100.0,0.0
s126m3.dat,1379,0.4319150447845459,265,245,40,100.0,0.0
s127m0.dat,1379,0.42388272285461426,425,255,200,100.0,0.0
s127m1.dat,1379,0.4408268928527832,405,255,100,100.0,0.0
s127m2.dat,1379,0.5334651470184326,355,255,150,100.0,0.0
s127m3.dat,1379,0.41136908531188965,355,255,160,100.0,0.0
s128m0.dat,1379,0.4228019714355469,465,275,210,100.0,0.0
s128m1.dat,1379,0.47661375999450684,465,275,140,100.0,0.0
s128m2.dat,1379,0.5150153636932373,435,275,240,100.0,0.0
s128m3.dat,1379,0.42699551582336426,435,275,190,100.0,0.0
s129m0.dat,1379,0.6445653438568115,535,495,60,100.0,0.0
s129m1.dat,1379,0.6203145980834961,665,495,110,100.0,0.0
s129m2.dat,1379,0.6259520053863525,565,495,40,100.0,0.0
s129m3.dat,1379,0.6386332511901855,685,495,130,100.0,0.0
s12m0.dat,1379,0.4237377643585205,345,275,120,100.0,0.0
s12m1.dat,1379,0.43519043922424316,375,275,80,100.0,0.0
s12m2.dat,1379,0.4377262592315674,395,275,80,100.0,0.0
s12m3.dat,1379,0.42940306663513184,365,275,120,100.0,0.0
s130m0.dat,1379,0.43271446228027344,475,265,190,100.0,0.0
s130m1.dat,1379,0.43200206756591797,465,265,100,100.0,0.0
s130m2.dat,1379,0.4326362609863281,485,265,140,100.0,0.0
s130m3.dat,1379,0.40837550163269043,385,265,230,100.0,0.0
s131m0.dat,1379,0.48394227027893066,570,350,180,100.0,0.0
s131m1.dat,1379,0.47069287300109863,580,350,250,100.0,0.0
s131m2.dat,1379,0.4906466007232666,570,350,250,100.0,0.0
s131m3.dat,1379,0.5025620460510254,530,350,270,100.0,0.0
s132m0.dat,1379,0.382840633392334,290,220,70,100.0,0.0
s132m1.dat,1379,0.41529250144958496,310,220,80,100.0,0.0
s132m2.dat,1379,0.39185094833374023,310,220,125,100.0,0.0
s132m3.dat,1379,0.3759458065032959,350,220,155,100.0,0.0
s133m0.dat,1379,0.6269876956939697,835,735,90,100.0,0.0
s133m1.dat,1379,0.6248064041137695,825,735,130,100.0,0.0
s133m2.dat,1379,0.6170620918273926,775,735,50,100.0,0.0
s133m3.dat,1379,0.7392098903656006,875,735,90,100.0,0.0
s134m0.dat,1379,0.3752315044403076,240,190,110,100.0,0.0
s134m1.dat,1379,0.3945589065551758,230,190,80,100.0,0.0
s134m2.dat,1379,0.3769373893737793,270,190,0,100.0,0.0
s134m3.dat,1379,0.3631587028503418,240,190,90,100.0,0.0
s135m0.dat,1379,0.643500566482544,540,420,140,100.0,0.0
s135m1.dat,1379,0.7831571102142334,550,420,120,100.0,0.0
s135m2.dat,1379,0.7548477649688721,530,420,120,100.0,0.0
s135m3.dat,1379,0.7961056232452393,540,420,140,100.0,0.0
s136m0.dat,1379,0.8008222579956055,665,635,90,100.0,0.0
s136m1.dat,1379,0.7628381252288818,745,635,60,100.0,0.0
s136m2.dat,1379,0.7946748733520508,730,635,115,100.0,0.0
s136m3.dat,1379,0.7433547973632812,720,635,85,100.0,0.0
s137m0.dat,1379,0.584935188293457,575,375,110,100.0,0.0
s137m1.dat,1379,0.6374301910400391,575,375,200,100.0,0.0
s137m2.dat,1379,0.5898032188415527,515,375,120,100.0,0.0
s137m3.dat,1379,0.6442170143127441,505,375,160,100.0,0.0
s138m0.dat,1379,0.7313840389251709,455,295,170,100.0,0.0
s138m1.dat,1379,0.6034586429595947,395,295,170,100.0,0.0
s138m2.dat,1379,0.5373599529266357,455,295,160,100.0,0.0
s138m3.dat,1379,0.5791280269622803,405,295,100,100.0,0.0
s139m0.dat,1379,0.8449091911315918,455,445,70,100.0,0.0
s139m1.dat,1379,0.9394762516021729,505,445,120,100.0,0.0
s139m2.dat,1379,0.8163197040557861,595,445,110,100.0,0.0
s139m3.dat,1379,0.7392184734344482,575,445,60,100.0,0.0
s13m0.dat,1379,0.7499616146087646,400,380,90,100.0,0.0
s13m1.dat,1379,0.6438257694244385,520,380,10,100.0,0.0
s13m2.dat,1379,0.8075759410858154,400,380,130,100.0,0.0
s13m3.dat,1379,0.7569842338562012,440,380,70,100.0,0.0
s140m0.dat,1379,0.5380105972290039,235,235,0,100.0,0.0
s140m1.dat,1379,0.5185191631317139,235,235,10,100.0,0.0
s140m2.dat,1379,0.5615696907043457,235,235,20,100.0,0.0
s140m3.dat,1379,0.5725336074829102,235,235,0,100.0,0.0
s141m0.dat,1379,0.5017497539520264,230,230,30,100.0,0.0
s141m1.dat,1379,0.5226156711578369,230,230,0,100.0,0.0
s141m2.dat,1379,0.6347823143005371,230,230,0,100.0,0.0
s141m3.dat,1379,0.49216508865356445,230,230,0,100.0,0.0
s142m0.dat,1379,0.7259542942047119,305,305,0,100.0,0.0
s142m1.dat,1379,0.7380425930023193,305,305,10,100.0,0.0
s142m2.dat,1379,0.7079634666442871,305,305,0,100.0,0.0
s142m3.dat,1379,0.6561257839202881,305,305,20,100.0,0.0
s143m0.dat,1379,0.9035389423370361,485,485,10,100.0,0.0
s143m1.dat,1379,0.8368585109710693,485,485,0,100.0,0.0
s143m2.dat,1379,0.8534555435180664,545,485,20,100.0,0.0
s143m3.dat,1379,1.1477305889129639,485,485,40,100.0,0.0
s144m0.dat,1379,0.9686894416809082,590,410,120,100.0,0.0
s144m1.dat,1379,0.8310778141021729,560,410,160,100.0,0.0
s144m2.dat,1379,0.8463766574859619,640,410,205,100.0,0.0
s144m3.dat,1379,0.8935012817382812,625,410,200,100.0,0.0
s145m0.dat,1379,0.7789170742034912,410,280,140,100.0,0.0
s145m1.dat,1379,0.7627348899841309,310,280,150,100.0,0.0
s145m2.dat,1379,0.7365076541900635,370,280,90,100.0,0.0
s145m3.dat,1379,0.7706298828125,310,280,100,100.0,0.0
s146m0.dat,1379,0.7693204879760742,355,325,0,100.0,0.0
s146m1.dat,1379,0.7411329746246338,345,325,0,100.0,0.0
s146m2.dat,1379,0.7850961685180664,365,325,0,100.0,0.0
s146m3.dat,1379,0.9357736110687256,395,325,40,100.0,0.0
s147m0.dat,1379,0.8231542110443115,475,425,10,100.0,0.0
s147m1.dat,1379,0.9168503284454346,435,425,70,100.0,0.0
s147m2.dat,1379,0.8973281383514404,445,425,40,100.0,0.0
s147m3.dat,1379,0.9629104137420654,555,425,110,100.0,0.0
s148m0.dat,1379,0.8497457504272461,765,695,30,100.0,0.0
s148m1.dat,1379,0.8613426685333252,775,695,140,100.0,0.0
s148m2.dat,1379,0.9737598896026611,845,695,0,100.0,0.0
s148m3.dat,1379,0.940385103225708,745,695,20,100.0,0.0
s149m0.dat,1379,1.404200792312622,930,930,0,100.0,0.0
s149m1.dat,1379,1.4043264389038086,940,930,0,100.0,0.0
s149m2.dat,1379,2.872870445251465,930,930,10,100.0,0.0
s149m3.dat,1379,1.652327060699463,1010,930,0,100.0,0.0
s14m0.dat,1379,0.699181318283081,500,390,110,100.0,0.0
s14m1.dat,1379,0.7668609619140625,560,390,190,100.0,0.0
s14m2.dat,1379,0.7493460178375244,610,390,210,100.0,0.0
s14m3.dat,1379,0.6543354988098145,600,390,220,100.0,0.0
s150m0.dat,1379,0.4716465473175049,360,240,145,100.0,0.0
s150m1.dat,1379,0.5721485614776611,390,240,55,100.0,0.0
s150m2.dat,1379,0.49137163162231445,420,240,130,100.0,0.0
s150m3.dat,1379,0.49928998947143555,375,240,185,100.0,0.0
s151m0.dat,1379,0.6181321144104004,570,460,180,100.0,0.0
s151m1.dat,1379,0.5762183666229248,620,460,140,100.0,0.0
s151m2.dat,1379,0.7583622932434082,520,460,70,100.0,0.0
s151m3.dat,1379,0.7062854766845703,540,460,10,100.0,0.0
s152m0.dat,1379,0.591677188873291,420,330,200,100.0,0.0
s152m1.dat,1379,0.6201591491699219,460,330,270,100.0,0.0
s152m2.dat,1379,0.7685928344726562,500,330,190,100.0,0.0
s152m3.dat,1379,0.5839653015136719,520,330,230,100.0,0.0
s153m0.dat,1379,0.7283904552459717,350,350,0,100.0,0.0
s153m1.dat,1379,0.6349284648895264,350,350,0,100.0,0.0
s153m2.dat,1379,0.6191003322601318,350,350,0,100.0,0.0
s153m3.dat,1379,0.8455967903137207,350,350,0,100.0,0.0
s154m0.dat,1379,1.0800120830535889,425,395,0,100.0,0.0
s154m1.dat,1379,0.8552508354187012,395,395,10,100.0,0.0
s154m2.dat,1379,0.5760486125946045,415,395,0,100.0,0.0
s154m3.dat,1379,0.574878454208374,395,395,80,100.0,0.0
s155m0.dat,1379,0.3267216682434082,265,155,95,100.0,0.0
s155m1.dat,1379,0.3309969902038574,255,155,65,100.0,0.0
s155m2.dat,1379,0.3318634033203125,275,155,80,100.0,0.0
s155m3.dat,1379,0.3709981441497803,190,155,80,100.0,0.0
s156m0.dat,1379,0.650432825088501,605,485,70,100.0,0.0
s156m1.dat,1379,0.676800012588501,505,485,70,100.0,0.0
s156m2.dat,1379,0.5664479732513428,525,485,100,100.0,0.0
s156m3.dat,1379,0.6206498146057129,565,485,120,100.0,0.0
s157m0.dat,1379,0.4511573314666748,365,285,70,100.0,0.0
s157m1.dat,1379,0.44565248489379883,355,285,140,100.0,0.0
s157m2.dat,1379,0.48705124855041504,435,285,100,100.0,0.0
s157m3.dat,1379,0.4387390613555908,395,285,90,100.0,0.0
s158m0.dat,1379,0.4814164638519287,445,295,170,100.0,0.0
s158m1.dat,1379,0.5085718631744385,425,295,70,100.0,0.0
s158m2.dat,1379,0.6571824550628662,355,295,100,100.0,0.0
s158m3.dat,1379,0.6531960964202881,325,295,80,100.0,0.0
s159m0.dat,1379,0.6806282997131348,640,640,40,100.0,0.0
s159m1.dat,1379,0.5798063278198242,640,640,60,100.0,0.0
s159m2.dat,1379,0.5775408744812012,680,640,10,100.0,0.0
s159m3.dat,1379,0.5645084381103516,730,640,30,100.0,0.0
s15m0.dat,1379,0.6240952014923096,435,335,90,100.0,0.0
s15m1.dat,1379,0.5341544151306152,535,335,170,100.0,0.0
s15m2.dat,1379,0.466083288192749,455,335,170,100.0,0.0
s15m3.dat,1379,0.6063308715820312,475,335,190,100.0,0.0
s160m0.dat,1379,0.47954797744750977,470,390,110,100.0,0.0
s160m1.dat,1379,0.4842500686645508,470,390,120,100.0,0.0
s160m2.dat,1379,0.5332579612731934,480,390,90,100.0,0.0
s160m3.dat,1379,0.5340673923492432,540,390,30,100.0,0.0
s161m0.dat,1379,0.6727180480957031,800,790,120,100.0,0.0
s161m1.dat,1379,0.6913602352142334,870,790,50,100.0,0.0
s161m2.dat,1379,0.6914470195770264,840,790,0,100.0,0.0
s161m3.dat,1379,0.6864902973175049,870,790,30,100.0,0.0
s162m0.dat,1379,0.42380642890930176,435,285,80,100.0,0.0
s162m1.dat,1379,0.42185330390930176,455,285,150,100.0,0.0
s162m2.dat,1379,0.4472377300262451,375,285,120,100.0,0.0
s162m3.dat,1379,0.4123079776763916,315,285,100,100.0,0.0
s163m0.dat,1379,0.569298267364502,475,405,110,100.0,0.0
s163m1.dat,1379,0.5439202785491943,505,405,70,100.0,0.0
s163m2.dat,1379,0.5195832252502441,505,405,70,100.0,0.0
s163m3.dat,1379,0.5341446399688721,475,405,110,100.0,0.0
s164m0.dat,1379,0.500952959060669,370,330,0,100.0,0.0
s164m1.dat,1379,0.5260157585144043,340,330,40,100.0,0.0
s164m2.dat,1379,0.459928035736084,380,330,20,100.0,0.0
s164m3.dat,1379,0.4716475009918213,370,330,40,100.0,0.0
s165m0.dat,1379,0.3672447204589844,290,230,100,100.0,0.0
s165m1.dat,1379,0.37125110626220703,330,230,60,100.0,0.0
s165m2.dat,1379,0.3649132251739502,300,230,100,100.0,0.0
s165m3.dat,1379,0.3766498565673828,290,230,80,100.0,0.0
s166m0.dat,1379,0.7265217304229736,720,590,180,100.0,0.0
s166m1.dat,1379,0.6474239826202393,740,590,70,100.0,0.0
s166m2.dat,1379,0.5928196907043457,700,590,100,100.0,0.0
s166m3.dat,1379,0.6161692142486572,660,590,180,100.0,0.0
s167m0.dat,1379,0.5734825134277344,485,425,20,100.0,0.0
s167m1.dat,1379,0.570286750793457,525,425,70,100.0,0.0
s167m2.dat,1379,0.6524169445037842,475,425,30,100.0,0.0
s167m3.dat,1379,0.5827794075012207,425,425,30,100.0,0.0
s168m0.dat,1379,0.8418314456939697,700,640,20,100.0,0.0
s168m1.dat,1379,0.9091222286224365,800,640,50,100.0,0.0
s168m2.dat,1379,0.9248268604278564,740,640,120,100.0,0.0
s168m3.dat,1379,0.7339248657226562,700,640,100,100.0,0.0
s169m0.dat,1379,0.613239049911499,560,360,130,100.0,0.0
s169m1.dat,1379,0.5566046237945557,490,360,190,100.0,0.0
s169m2.dat,1379,0.716649055480957,560,360,140,100.0,0.0
s169m3.dat,1379,0.5501120090484619,490,360,130,100.0,0.0
s16m0.dat,1379,0.5312113761901855,435,345,160,100.0,0.0
s16m1.dat,1379,0.5498232841491699,395,345,90,100.0,0.0
s16m2.dat,1379,0.5994894504547119,505,345,90,100.0,0.0
s16m3.dat,1379,0.5254414081573486,445,345,130,100.0,0.0
s170m0.dat,1379,0.3418607711791992,280,175,160,100.0,0.0
s170m1.dat,1379,0.3290581703186035,225,175,115,100.0,0.0
s170m2.dat,1379,0.33671069145202637,290,175,80,100.0,0.0
s170m3.dat,1379,0.3424098491668701,320,175,70,100.0,0.0
s171m0.dat,1379,0.42972540855407715,395,245,30,100.0,0.0
s171m1.dat,1379,0.39640021324157715,375,245,90,100.0,0.0
s171m2.dat,1379,0.5097532272338867,365,245,70,100.0,0.0
s171m3.dat,1379,0.4550588130950928,335,245,70,100.0,0.0
s172m0.dat,1379,0.33130908012390137,205,145,90,100.0,0.0
s172m1.dat,1379,0.30858492851257324,225,145,70,100.0,0.0
s172m2.dat,1379,0.32526159286499023,195,145,60,100.0,0.0
s172m3.dat,1379,0.3193044662475586,205,145,60,100.0,0.0
s173m0.dat,1379,0.48540353775024414,480,340,150,100.0,0.0
s173m1.dat,1379,0.4636092185974121,470,340,60,100.0,0.0
s173m2.dat,1379,0.5821380615234375,490,340,150,100.0,0.0
s173m3.dat,1379,0.4522097110748291,470,340,70,100.0,0.0
s174m0.dat,1379,0.5428531169891357,490,340,110,100.0,0.0
s174m1.dat,1379,0.6123173236846924,380,340,30,100.0,0.0
s174m2.dat,1379,0.559535026550293,370,340,160,100.0,0.0
s174m3.dat,1379,0.6840918064117432,410,340,80,100.0,0.0
s175m0.dat,1379,0.5300309658050537,510,320,190,100.0,0.0
s175m1.dat,1379,0.5275931358337402,450,320,220,100.0,0.0
s175m2.dat,1379,0.6894040107727051,550,320,230,100.0,0.0
s175m3.dat,1379,0.6063981056213379,490,320,190,100.0,0.0
s176m0.dat,1379,0.513723611831665,285,210,115,100.0,0.0
s176m1.dat,1379,0.4053351879119873,355,210,80,100.0,0.0
s176m2.dat,1379,0.4462590217590332,300,210,90,100.0,0.0
s176m3.dat,1379,0.4803328514099121,330,210,105,100.0,0.0
s177m0.dat,1379,0.5546422004699707,495,305,230,100.0,0.0
s177m1.dat,1379,0.5800459384918213,605,305,190,100.0,0.0
s177m2.dat,1379,0.5178160667419434,550,305,190,100.0,0.0
s177m3.dat,1379,0.609337329864502,525,305,210,100.0,0.0
s178m0.dat,1379,0.65531325340271,455,335,160,100.0,0.0
s178m1.dat,1379,0.576136589050293,425,335,130,100.0,0.0
s178m2.dat,1379,0.7880399227142334,445,335,150,100.0,0.0
s178m3.dat,1379,0.5208778381347656,525,335,70,100.0,0.0
s179m0.dat,1379,0.533883810043335,255,235,0,100.0,0.0
s179m1.dat,1379,0.5741925239562988,325,235,40,100.0,0.0
s179m2.dat,1379,0.5877606868743896,265,235,50,100.0,0.0
s179m3.dat,1379,0.7811408042907715,300,235,65,100.0,0.0
s17m0.dat,1379,0.839771032333374,280,160,100,100.0,0.0
s17m1.dat,1379,0.6543374061584473,240,160,70,100.0,0.0
s17m2.dat,1379,0.43259739875793457,180,160,110,100.0,0.0
s17m3.dat,1379,0.4364912509918213,230,160,100,100.0,0.0
s180m0.dat,1379,1.2626209259033203,595,485,130,100.0,0.0
s180m1.dat,1379,0.9578592777252197,585,485,100,100.0,0.0
s180m2.dat,1379,0.762721061706543,595,485,20,100.0,0.0
s180m3.dat,1379,0.6855862140655518,605,485,220,100.0,0.0
s181m0.dat,1379,0.7069840431213379,705,655,50,100.0,0.0
s181m1.dat,1379,0.7177252769470215,795,655,60,100.0,0.0
s181m2.dat,1379,0.8785309791564941,755,655,100,100.0,0.0
s181m3.dat,1379,0.682563304901123,665,655,40,100.0,0.0
s182m0.dat,1379,1.0253262519836426,730,530,140,100.0,0.0
s182m1.dat,1379,0.846710205078125,700,530,200,100.0,0.0
s182m2.dat,1379,1.098520040512085,720,530,120,100.0,0.0
s182m3.dat,1379,0.8113951683044434,680,530,140,100.0,0.0
s183m0.dat,1379,0.5304453372955322,520,290,170,100.0,0.0
s183m1.dat,1379,0.9090301990509033,430,290,230,100.0,0.0
s183m2.dat,1379,1.3544023036956787,450,290,160,100.0,0.0
s183m3.dat,1379,0.8771543502807617,450,290,210,100.0,0.0
s184m0.dat,1379,0.6389219760894775,695,545,120,100.0,0.0
s184m1.dat,1379,0.6307399272918701,665,545,80,100.0,0.0
s184m2.dat,1379,0.691356897354126,705,545,90,100.0,0.0
s184m3.dat,1379,0.6145613193511963,635,545,100,100.0,0.0
s185m0.dat,1379,0.6973907947540283,640,590,90,100.0,0.0
s185m1.dat,1379,0.6929531097412109,710,590,100,100.0,0.0
s185m2.dat,1379,0.8155186176300049,640,590,60,100.0,0.0
s185m3.dat,1379,0.9520108699798584,670,590,70,100.0,0.0
s186m0.dat,1379,0.5726258754730225,480,320,190,100.0,0.0
s186m1.dat,1379,0.6126823425292969,520,320,190,100.0,0.0
s186m2.dat,1379,0.6073811054229736,560,320,130,100.0,0.0
s186m3.dat,1379,0.602806806564331,420,320,170,100.0,0.0
s187m0.dat,1379,0.731400728225708,425,315,60,100.0,0.0
s187m1.dat,1379,0.6641273498535156,405,315,120,100.0,0.0
s187m2.dat,1379,0.6199963092803955,355,315,50,100.0,0.0
s187m3.dat,1379,0.719153642654419,385,315,120,100.0,0.0
s188m0.dat,1379,0.5679202079772949,355,275,80,100.0,0.0
s188m1.dat,1379,0.606318473815918,425,275,80,100.0,0.0
s188m2.dat,1379,0.647953987121582,365,275,60,100.0,0.0
s188m3.dat,1379,0.6710717678070068,415,275,50,100.0,0.0
s189m0.dat,1379,0.5752420425415039,325,215,120,100.0,0.0
s189m1.dat,1379,0.47741031646728516,315,215,130,100.0,0.0
s189m2.dat,1379,0.5087575912475586,285,215,100,100.0,0.0
s189m3.dat,1379,0.6415886878967285,325,215,90,100.0,0.0
s18m0.dat,1379,1.120136022567749,560,500,210,100.0,0.0
s18m1.dat,1379,1.0955848693847656,650,500,30,100.0,0.0
s18m2.dat,1379,1.0860342979431152,600,500,150,100.0,0.0
s18m3.dat,1379,0.9901745319366455,630,500,70,100.0,0.0
s190m0.dat,1379,0.84063720703125,475,335,140,100.0,0.0
s190m1.dat,1379,0.7990822792053223,485,335,200,100.0,0.0
s190m2.dat,1379,0.7546913623809814,465,335,110,100.0,0.0
s190m3.dat,1379,0.7108919620513916,515,335,60,100.0,0.0
s191m0.dat,1379,0.8430030345916748,655,455,170,100.0,0.0
s191m1.dat,1379,0.9238131046295166,505,455,170,100.0,0.0
s191m2.dat,1379,0.7995758056640625,655,455,170,100.0,0.0
s191m3.dat,1379,0.7344214916229248,615,455,140,100.0,0.0
s192m0.dat,1379,0.8523683547973633,470,440,10,100.0,0.0
s192m1.dat,1379,0.9293031692504883,480,440,0,100.0,0.0
s192m2.dat,1379,0.9773976802825928,540,440,40,100.0,0.0
s192m3.dat,1379,0.8380451202392578,470,440,0,100.0,0.0
s193m0.dat,1379,0.9031856060028076,485,395,20,100.0,0.0
s193m1.dat,1379,0.792914628982544,395,395,60,100.0,0.0
s193m2.dat,1379,0.870164155960083,395,395,0,100.0,0.0
s193m3.dat,1379,0.762747049331665,405,395,0,100.0,0.0
s194m0.dat,1379,0.8622636795043945,405,405,0,100.0,0.0
s194m1.dat,1379,0.778714656829834,405,405,50,100.0,0.0
s194m2.dat,1379,0.8944792747497559,415,405,0,100.0,0.0
s194m3.dat,1379,0.8642022609710693,415,405,0,100.0,0.0
s195m0.dat,1379,1.0702495574951172,845,845,10,100.0,0.0
s195m1.dat,1379,0.9725983142852783,875,845,0,100.0,0.0
s195m2.dat,1379,1.026604175567627,855,845,60,100.0,0.0
s195m3.dat,1379,1.0614709854125977,845,845,70,100.0,0.0
s196m0.dat,1379,0.47466039657592773,380,220,70,100.0,0.0
s196m1.dat,1379,0.4533374309539795,320,220,170,100.0,0.0
s196m2.dat,1379,0.528367280960083,260,220,160,100.0,0.0
s196m3.dat,1379,0.5039851665496826,365,220,110,100.0,0.0
s197m0.dat,1379,1.2069640159606934,845,745,80,100.0,0.0
s197m1.dat,1379,1.0789525508880615,765,745,130,100.0,0.0
s197m2.dat,1379,0.8612682819366455,825,745,200,100.0,0.0
s197m3.dat,1379,0.9689779281616211,885,745,160,100.0,0.0
s198m0.dat,1379,0.6523189544677734,395,345,20,100.0,0.0
s198m1.dat,1379,0.7001438140869141,435,345,40,100.0,0.0
s198m2.dat,1379,0.7548277378082275,395,345,50,100.0,0.0
s198m3.dat,1379,0.5882155895233154,415,345,80,100.0,0.0
s199m0.dat,1379,0.552703857421875,390,240,200,100.0,0.0
s199m1.dat,1379,0.5303299427032471,430,240,145,100.0,0.0
s199m2.dat,1379,0.49907374382019043,420,240,100,100.0,0.0
s199m3.dat,1379,0.6511530876159668,310,240,130,100.0,0.0
s19m0.dat,1379,0.5194051265716553,265,235,5,100.0,0.0
s19m1.dat,1379,0.5517268180847168,255,235,0,100.0,0.0
s19m2.dat,1379,0.49703454971313477,245,235,0,100.0,0.0
s19m3.dat,1379,0.5610942840576172,235,235,130,100.0,0.0
s1m0.dat,1379,0.674755334854126,450,370,110,100.0,0.0
s1m1.dat,1379,0.7704501152038574,510,370,90,100.0,0.0
s1m2.dat,1379,0.6640059947967529,510,370,120,100.0,0.0
s1m3.dat,1379,0.8175277709960938,450,370,140,100.0,0.0
s200m0.dat,1379,0.8953733444213867,465,405,100,100.0,0.0
s200m1.dat,1379,0.8262040615081787,495,405,110,100.0,0.0
s200m2.dat,1379,0.8135018348693848,485,405,190,100.0,0.0
s200m3.dat,1379,0.6560273170471191,455,405,80,100.0,0.0
s201m0.dat,1379,0.6115779876708984,435,345,150,100.0,0.0
s201m1.dat,1379,0.5897114276885986,485,345,80,100.0,0.0
s201m2.dat,1379,0.6738660335540771,475,345,90,100.0,0.0
s201m3.dat,1379,0.6083667278289795,475,345,180,100.0,0.0
s202m0.dat,1379,0.4687306880950928,490,290,200,100.0,0.0
s202m1.dat,1379,0.47661662101745605,450,290,300,100.0,0.0
s202m2.dat,1379,0.4882628917694092,470,290,180,100.0,0.0
s202m3.dat,1379,0.49607086181640625,570,290,130,100.0,0.0
s203m0.dat,1379,0.44774389266967773,225,205,60,100.0,0.0
s203m1.dat,1379,0.3905963897705078,380,205,60,100.0,0.0
s203m2.dat,1379,0.39596986770629883,215,205,35,100.0,0.0
s203m3.dat,1379,0.4266541004180908,245,205,40,100.0,0.0
s204m0.dat,1379,0.6369109153747559,410,300,140,100.0,0.0
s204m1.dat,1379,0.5908536911010742,450,300,160,100.0,0.0
s204m2.dat,1379,0.518484354019165,450,300,170,100.0,0.0
s204m3.dat,1379,0.6250433921813965,360,300,110,100.0,0.0
s205m0.dat,1379,0.8369567394256592,790,750,30,100.0,0.0
s205m1.dat,1379,0.6894214153289795,800,750,50,100.0,0.0
s205m2.dat,1379,0.6628196239471436,790,750,110,100.0,0.0
s205m3.dat,1379,0.7313964366912842,800,750,0,100.0,0.0
s206m0.dat,1379,0.5194761753082275,480,360,120,100.0,0.0
s206m1.dat,1379,0.5725221633911133,450,360,140,100.0,0.0
s206m2.dat,1379,0.4989912509918213,450,360,80,100.0,0.0
s206m3.dat,1379,0.5096313953399658,470,360,160,100.0,0.0
s207m0.dat,1379,0.5608198642730713,490,360,190,100.0,0.0
s207m1.dat,1379,0.5068001747131348,450,360,140,100.0,0.0
s207m2.dat,1379,0.522712230682373,490,360,160,100.0,0.0
s207m3.dat,1379,0.514629602432251,610,360,130,100.0,0.0
s208m0.dat,1379,0.40973925590515137,285,265,5,100.0,0.0
s208m1.dat,1379,0.43582582473754883,280,265,5,100.0,0.0
s208m2.dat,1379,0.4033780097961426,280,265,15,100.0,0.0
s208m3.dat,1379,0.47751593589782715,285,265,10,100.0,0.0
s209m0.dat,1379,0.34768080711364746,240,210,100,100.0,0.0
s209m1.dat,1379,0.34698009490966797,280,210,30,100.0,0.0
s209m2.dat,1379,0.3515503406524658,240,210,80,100.0,0.0
s209m3.dat,1379,0.3509073257446289,280,210,70,100.0,0.0
s20m0.dat,1379,0.5950043201446533,410,410,40,100.0,0.0
s20m1.dat,1379,0.5234239101409912,490,410,10,100.0,0.0
s20m2.dat,1379,0.5351226329803467,410,410,0,100.0,0.0
s20m3.dat,1379,0.5536956787109375,410,410,20,100.0,0.0
s210m0.dat,1379,0.43848347663879395,385,305,50,100.0,0.0
s210m1.dat,1379,0.43169260025024414,425,305,110,100.0,0.0
s210m2.dat,1379,0.4362459182739258,525,305,70,100.0,0.0
s210m3.dat,1379,0.4452812671661377,465,305,150,100.0,0.0
s211m0.dat,1379,0.34670186042785645,255,175,110,100.0,0.0
s211m1.dat,1379,0.3153994083404541,290,175,70,100.0,0.0
s211m2.dat,1379,0.3162832260131836,320,175,100,100.0,0.0
s211m3.dat,1379,0.30591344833374023,255,175,80,100.0,0.0
s212m0.dat,1379,0.5557172298431396,645,465,210,100.0,0.0
s212m1.dat,1379,0.5469295978546143,735,465,240,100.0,0.0
s212m2.dat,1379,0.5588381290435791,615,465,190,100.0,0.0
s212m3.dat,1379,0.6014447212219238,575,465,180,100.0,0.0
s213m0.dat,1379,0.43871617317199707,305,295,60,100.0,0.0
s213m1.dat,1379,0.5213718414306641,295,295,70,100.0,0.0
s213m2.dat,1379,0.5223374366760254,375,295,140,100.0,0.0
s213m3.dat,1379,0.4453604221343994,365,295,70,100.0,0.0
s214m0.dat,1379,0.42939281463623047,490,290,260,100.0,0.0
s214m1.dat,1379,0.44061946868896484,595,290,170,100.0,0.0
s214m2.dat,1379,0.49695897102355957,550,290,240,100.0,0.0
s214m3.dat,1379,0.8348257541656494,480,290,230,100.0,0.0
s215m0.dat,1379,0.8251359462738037,640,380,200,100.0,0.0
s215m1.dat,1379,0.638634204864502,510,380,250,100.0,0.0
s215m2.dat,1379,0.5557093620300293,560,380,230,100.0,0.0
s215m3.dat,1379,0.5243797302246094,650,380,160,100.0,0.0
s216m0.dat,1379,0.5164823532104492,635,365,220,100.0,0.0
s216m1.dat,1379,0.5178062915802002,515,365,240,100.0,0.0
s216m2.dat,1379,0.5146124362945557,535,365,80,100.0,0.0
s216m3.dat,1379,0.6504442691802979,485,365,250,100.0,0.0
s217m0.dat,1379,0.42350029945373535,275,255,0,100.0,0.0
s217m1.dat,1379,0.4013383388519287,255,255,10,100.0,0.0
s217m2.dat,1379,0.4546687602996826,255,255,10,100.0,0.0
s217m3.dat,1379,0.40375542640686035,295,255,0,100.0,0.0
s218m0.dat,1379,0.5429410934448242,555,375,200,100.0,0.0
s218m1.dat,1379,0.5330874919891357,545,375,160,100.0,0.0
s218m2.dat,1379,0.5361156463623047,625,375,120,100.0,0.0
s218m3.dat,1379,0.5314891338348389,585,375,110,100.0,0.0
s219m0.dat,1379,0.7079665660858154,750,660,80,100.0,0.0
s219m1.dat,1379,0.8499643802642822,730,660,40,100.0,0.0
s219m2.dat,1379,0.8611948490142822,720,660,100,100.0,0.0
s219m3.dat,1379,0.9207644462585449,770,660,90,100.0,0.0
s21m0.dat,1379,0.582556962966919,340,320,10,100.0,0.0
s21m1.dat,1379,0.5516812801361084,350,320,40,100.0,0.0
s21m2.dat,1379,0.5781292915344238,340,320,30,100.0,0.0
s21m3.dat,1379,0.5632457733154297,380,320,10,100.0,0.0
s220m0.dat,1379,0.600501298904419,515,405,30,100.0,0.0
s220m1.dat,1379,0.7616767883300781,535,405,0,100.0,0.0
s220m2.dat,1379,0.630814790725708,405,405,100,100.0,0.0
s220m3.dat,1379,0.7489838600158691,445,405,40,100.0,0.0
s221m0.dat,1379,0.4960958957672119,190,190,10,100.0,0.0
s221m1.dat,1379,0.375957727432251,220,190,30,100.0,0.0
s221m2.dat,1379,0.4804365634918213,190,190,0,100.0,0.0
s221m3.dat,1379,0.4189176559448242,220,190,0,100.0,0.0
s222m0.dat,1379,0.6815896034240723,540,440,90,100.0,0.0
s222m1.dat,1379,0.7421419620513916,520,440,40,100.0,0.0
s222m2.dat,1379,0.6512455940246582,510,440,120,100.0,0.0
s222m3.dat,1379,0.6386284828186035,540,440,150,100.0,0.0
s223m0.dat,1379,0.4133450984954834,295,245,20,100.0,0.0
s223m1.dat,1379,0.5085153579711914,265,245,60,100.0,0.0
s223m2.dat,1379,0.407853364944458,315,245,60,100.0,0.0
s223m3.dat,1379,0.402315616607666,260,245,40,100.0,0.0
s224m0.dat,1379,0.35955166816711426,185,185,0,100.0,0.0
s224m1.dat,1379,0.35140395164489746,185,185,0,100.0,0.0
s224m2.dat,1379,0.3594386577606201,185,185,0,100.0,0.0
s224m3.dat,1379,0.3629920482635498,185,185,0,100.0,0.0
s225m0.dat,1379,0.5012598037719727,485,315,90,100.0,0.0
s225m1.dat,1379,0.5995743274688721,455,315,80,100.0,0.0
s225m2.dat,1379,0.5146098136901855,455,315,40,100.0,0.0
s225m3.dat,1379,0.5625438690185547,475,315,120,100.0,0.0
s226m0.dat,1379,0.7794320583343506,735,545,150,100.0,0.0
s226m1.dat,1379,0.6328630447387695,605,545,90,100.0,0.0
s226m2.dat,1379,0.604464054107666,625,545,80,100.0,0.0
s226m3.dat,1379,0.6492917537689209,695,545,130,100.0,0.0
s227m0.dat,1379,0.6083710193634033,335,315,10,100.0,0.0
s227m1.dat,1379,0.541254997253418,315,315,20,100.0,0.0
s227m2.dat,1379,0.5332534313201904,325,315,10,100.0,0.0
s227m3.dat,1379,0.561499834060669,315,315,0,100.0,0.0
s228m0.dat,1379,0.4784965515136719,265,265,0,100.0,0.0
s228m1.dat,1379,0.4920783042907715,265,265,10,100.0,0.0
s228m2.dat,1379,0.5155034065246582,265,265,30,100.0,0.0
s228m3.dat,1379,0.5967326164245605,265,265,20,100.0,0.0
s229m0.dat,1379,0.6330571174621582,375,375,40,100.0,0.0
s229m1.dat,1379,0.6152098178863525,435,375,40,100.0,0.0
s229m2.dat,1379,0.6132409572601318,475,375,10,100.0,0.0
s229m3.dat,1379,0.6142177581787109,395,375,40,100.0,0.0
s22m0.dat,1379,0.39931631088256836,275,190,80,100.0,0.0
s22m1.dat,1379,0.40430545806884766,295,185,115,100.0,0.0
s22m2.dat,1379,0.3993875980377197,265,185,135,100.0,0.0
s22m3.dat,1379,0.44332170486450195,265,190,135,100.0,0.0
s230m0.dat,1379,0.4717710018157959,235,235,70,100.0,0.0
s230m1.dat,1379,0.497805118560791,235,235,0,100.0,0.0
s230m2.dat,1379,0.5156087875366211,235,235,0,100.0,0.0
s230m3.dat,1379,0.6532759666442871,235,235,0,100.0,0.0
s231m0.dat,1379,0.5527069568634033,290,280,0,100.0,0.0
s231m1.dat,1379,0.6357011795043945,280,280,0,100.0,0.0
s231m2.dat,1379,0.6265566349029541,280,280,0,100.0,0.0
s231m3.dat,1379,0.7031106948852539,280,280,30,100.0,0.0
s232m0.dat,1379,0.945173978805542,560,490,50,100.0,0.0
s232m1.dat,1379,0.9042389392852783,590,490,90,100.0,0.0
s232m2.dat,1379,1.0623912811279297,640,490,80,100.0,0.0
s232m3.dat,1379,1.0478651523590088,620,490,150,100.0,0.0
s233m0.dat,1379,0.6767101287841797,495,335,80,100.0,0.0
s233m1.dat,1379,0.8359832763671875,485,335,70,100.0,0.0
s233m2.dat,1379,0.7669293880462646,505,335,200,100.0,0.0
s233m3.dat,1379,0.7264347076416016,395,335,100,100.0,0.0
s234m0.dat,1379,0.6309008598327637,300,240,40,100.0,0.0
s234m1.dat,1379,0.6033892631530762,270,240,70,100.0,0.0
s234m2.dat,1379,0.552708625793457,270,240,30,100.0,0.0
s234m3.dat,1379,0.5813171863555908,300,240,60,100.0,0.0
s235m0.dat,1379,0.9734175205230713,625,375,90,100.0,0.0
s235m1.dat,1379,0.8592283725738525,525,375,70,100.0,0.0
s235m2.dat,1379,0.84494948387146,465,375,210,100.0,0.0
s235m3.dat,1379,0.7235991954803467,525,375,180,100.0,0.0
s236m0.dat,1379,0.6376447677612305,495,345,260,100.0,0.0
s236m1.dat,1379,0.716667890548706,615,345,210,100.0,0.0
s236m2.dat,1379,0.5481085777282715,595,345,190,100.0,0.0
s236m3.dat,1379,0.552619218826294,445,345,200,100.0,0.0
s237m0.dat,1379,0.7206711769104004,445,375,40,100.0,0.0
s237m1.dat,1379,0.6679222583770752,375,375,60,100.0,0.0
s237m2.dat,1379,0.7764096260070801,455,375,50,100.0,0.0
s237m3.dat,1379,0.8660678863525391,375,375,0,100.0,0.0
s238m0.dat,1379,0.8720502853393555,465,335,160,100.0,0.0
s238m1.dat,1379,0.8837323188781738,425,335,100,100.0,0.0
s238m2.dat,1379,0.8719961643218994,435,335,130,100.0,0.0
s238m3.dat,1379,0.7812008857727051,415,335,80,100.0,0.0
s239m0.dat,1379,0.7685055732727051,415,335,170,100.0,0.0
s239m1.dat,1379,0.794973611831665,425,335,110,100.0,0.0
s239m2.dat,1379,0.7606034278869629,425,335,90,100.0,0.0
s239m3.dat,1379,0.8945496082305908,395,335,180,100.0,0.0
s23m0.dat,1379,0.5663518905639648,360,230,150,100.0,0.0
s23m1.dat,1379,0.6217916011810303,300,230,80,100.0,0.0
s23m2.dat,1379,0.6012630462646484,330,230,70,100.0,0.0
s23m3.dat,1379,0.6093320846557617,340,230,60,100.0,0.0
s240m0.dat,1379,1.0507986545562744,595,425,160,100.0,0.0
s240m1.dat,1379,0.8019955158233643,555,425,130,100.0,0.0
s240m2.dat,1379,0.9228823184967041,525,425,130,100.0,0.0
s240m3.dat,1379,0.7069931030273438,485,425,130,100.0,0.0
s241m0.dat,1379,0.7489819526672363,585,465,140,100.0,0.0
s241m1.dat,1379,0.756709098815918,655,465,170,100.0,0.0
s241m2.dat,1379,0.8486201763153076,705,465,250,100.0,0.0
s241m3.dat,1379,0.9423182010650635,625,465,210,100.0,0.0
s242m0.dat,1379,0.7042560577392578,550,390,160,100.0,0.0
s242m1.dat,1379,0.9002566337585449,590,390,60,100.0,0.0
s242m2.dat,1379,0.9196007251739502,510,390,150,100.0,0.0
s242m3.dat,1379,0.66275954246521,550,390,50,100.0,0.0
s243m0.dat,1379,0.7814607620239258,745,645,110,100.0,0.0
s243m1.dat,1379,1.1142730712890625,755,645,90,100.0,0.0
s243m2.dat,1379,0.8283596038818359,765,645,110,100.0,0.0
s243m3.dat,1379,0.823185920715332,785,645,150,100.0,0.0
s244m0.dat,1379,0.6806166172027588,495,385,140,100.0,0.0
s244m1.dat,1379,0.7158639430999756,615,385,110,100.0,0.0
s244m2.dat,1379,0.8152995109558105,565,385,100,100.0,0.0
s244m3.dat,1379,0.6807935237884521,625,385,180,100.0,0.0
s245m0.dat,1379,0.7719287872314453,575,405,200,100.0,0.0
s245m1.dat,1379,0.7968201637268066,575,405,200,100.0,0.0
s245m2.dat,1379,0.806790828704834,575,405,220,100.0,0.0
s245m3.dat,1379,0.797809362411499,515,405,290,100.0,0.0
s246m0.dat,1379,0.6249604225158691,355,345,0,100.0,0.0
s246m1.dat,1379,0.623009443283081,365,345,90,100.0,0.0
s246m2.dat,1379,0.6047308444976807,345,345,90,100.0,0.0
s246m3.dat,1379,0.8231170177459717,345,345,0,100.0,0.0
s247m0.dat,1379,1.1425034999847412,205,195,50,100.0,0.0
s247m1.dat,1379,0.8037576675415039,205,195,5,100.0,0.0
s247m2.dat,1379,0.5741744041442871,205,195,25,100.0,0.0
s247m3.dat,1379,0.4269528388977051,200,195,10,100.0,0.0
s248m0.dat,1379,0.6689133644104004,650,450,150,100.0,0.0
s248m1.dat,1379,0.6454727649688721,630,450,115,100.0,0.0
s248m2.dat,1379,0.6619884967803955,590,450,110,100.0,0.0
s248m3.dat,1379,0.771453857421875,515,450,140,100.0,0.0
s249m0.dat,1379,0.4872722625732422,445,355,100,100.0,0.0
s249m1.dat,1379,0.4960663318634033,455,355,50,100.0,0.0
s249m2.dat,1379,0.6094164848327637,515,355,85,100.0,0.0
s249m3.dat,1379,0.5164904594421387,485,355,110,100.0,0.0
s24m0.dat,1379,0.6366720199584961,475,445,50,100.0,0.0
s24m1.dat,1379,0.6406757831573486,555,445,80,100.0,0.0
s24m2.dat,1379,0.6297578811645508,535,445,30,100.0,0.0
s24m3.dat,1379,0.6718618869781494,525,445,110,100.0,0.0
s25m0.dat,1379,0.5634663105010986,435,365,50,100.0,0.0
s25m1.dat,1379,0.534156084060669,435,365,50,100.0,0.0
s25m2.dat,1379,0.5820116996765137,385,365,60,100.0,0.0
s25m3.dat,1379,0.612358570098877,395,365,80,100.0,0.0
s26m0.dat,1379,0.4411427974700928,290,280,10,100.0,0.0
s26m1.dat,1379,0.43852782249450684,300,280,40,100.0,0.0
s26m2.dat,1379,0.5500378608703613,320,280,40,100.0,0.0
s26m3.dat,1379,0.45237278938293457,290,280,0,100.0,0.0
s27m0.dat,1379,0.6210486888885498,770,670,120,100.0,0.0
s27m1.dat,1379,0.5771305561065674,790,670,190,100.0,0.0
s27m2.dat,1379,0.6248719692230225,840,670,70,100.0,0.0
s27m3.dat,1379,0.57027268409729,710,670,60,100.0,0.0
s28m0.dat,1379,0.5038712024688721,320,320,30,100.0,0.0
s28m1.dat,1379,0.4804379940032959,330,320,20,100.0,0.0
s28m2.dat,1379,0.4618806838989258,370,320,40,100.0,0.0
s28m3.dat,1379,0.46539759635925293,370,320,0,100.0,0.0
s29m0.dat,1379,0.44362854957580566,305,305,0,100.0,0.0
s29m1.dat,1379,0.47564053535461426,335,305,20,100.0,0.0
s29m2.dat,1379,0.48923778533935547,325,305,60,100.0,0.0
s29m3.dat,1379,0.4424276351928711,375,305,0,100.0,0.0
s2m0.dat,1379,0.7177402973175049,680,570,140,100.0,0.0
s2m1.dat,1379,0.6893236637115479,630,570,70,100.0,0.0
s2m2.dat,1379,0.787956714630127,630,570,30,100.0,0.0
s2m3.dat,1379,0.6738753318786621,670,570,70,100.0,0.0
s30m0.dat,1379,0.7772130966186523,710,660,90,100.0,0.0
s30m1.dat,1379,0.5783741474151611,700,660,30,100.0,0.0
s30m2.dat,1379,0.6073915958404541,800,660,80,100.0,0.0
s30m3.dat,1379,0.5661661624908447,700,660,30,100.0,0.0
s31m0.dat,1379,0.5139093399047852,495,385,110,100.0,0.0
s31m1.dat,1379,0.5282928943634033,485,385,40,100.0,0.0
s31m2.dat,1379,0.5897665023803711,425,385,60,100.0,0.0
s31m3.dat,1379,0.498302698135376,545,385,100,100.0,0.0
s32m0.dat,1379,0.5439958572387695,660,590,60,100.0,0.0
s32m1.dat,1379,0.5496182441711426,660,590,60,100.0,0.0
s32m2.dat,1379,0.5665669441223145,640,590,80,100.0,0.0
s32m3.dat,1379,0.5215275287628174,670,590,100,100.0,0.0
s33m0.dat,1379,0.5098147392272949,500,370,100,100.0,0.0
s33m1.dat,1379,0.5047762393951416,550,370,150,100.0,0.0
s33m2.dat,1379,0.5732636451721191,550,370,170,100.0,0.0
s33m3.dat,1379,0.5038857460021973,510,370,190,100.0,0.0
s34m0.dat,1379,0.4911818504333496,500,350,260,100.0,0.0
s34m1.dat,1379,0.5117614269256592,560,350,70,100.0,0.0
s34m2.dat,1379,0.49996471405029297,390,350,150,100.0,0.0
s34m3.dat,1379,0.49535059928894043,490,350,220,100.0,0.0
s35m0.dat,1379,0.3418543338775635,290,190,80,100.0,0.0
s35m1.dat,1379,0.357480525970459,260,190,120,100.0,0.0
s35m2.dat,1379,0.32572412490844727,260,190,110,100.0,0.0
s35m3.dat,1379,0.3368983268737793,270,190,40,100.0,0.0
s36m0.dat,1379,0.5762245655059814,585,405,150,100.0,0.0
s36m1.dat,1379,0.6260197162628174,535,405,180,100.0,0.0
s36m2.dat,1379,0.6453921794891357,635,405,170,100.0,0.0
s36m3.dat,1379,0.5466244220733643,595,405,190,100.0,0.0
s37m0.dat,1379,0.4589529037475586,395,285,80,100.0,0.0
s37m1.dat,1379,0.439502477645874,425,285,110,100.0,0.0
s37m2.dat,1379,0.43511128425598145,435,285,60,100.0,0.0
s37m3.dat,1379,0.433854341506958,405,285,50,100.0,0.0
s38m0.dat,1379,0.4891653060913086,340,270,60,100.0,0.0
s38m1.dat,1379,0.49831461906433105,270,270,0,100.0,0.0
s38m2.dat,1379,0.4123499393463135,310,270,80,100.0,0.0
s38m3.dat,1379,0.4357168674468994,280,270,120,100.0,0.0
s39m0.dat,1379,0.534142017364502,470,380,130,100.0,0.0
s39m1.dat,1379,0.5342695713043213,540,380,140,100.0,0.0
s39m2.dat,1379,0.5536787509918213,400,380,100,100.0,0.0
s39m3.dat,1379,0.521456241607666,540,380,80,100.0,0.0
s3m0.dat,1379,0.5918436050415039,545,455,190,100.0,0.0
s3m1.dat,1379,0.582963228225708,565,455,170,100.0,0.0
s3m2.dat,1379,0.6943738460540771,595,455,220,100.0,0.0
s3m3.dat,1379,0.604485034942627,675,455,80,100.0,0.0
s40m0.dat,1379,0.5761828422546387,520,420,170,100.0,0.0
s40m1.dat,1379,0.6151673793792725,520,420,80,100.0,0.0
s40m2.dat,1379,0.5197837352752686,560,420,160,100.0,0.0
s40m3.dat,1379,0.5663738250732422,540,420,170,100.0,0.0
s41m0.dat,1379,0.48737192153930664,405,305,170,100.0,0.0
s41m1.dat,1379,0.45229506492614746,425,305,70,100.0,0.0
s41m2.dat,1379,0.4687173366546631,445,305,60,100.0,0.0
s41m3.dat,1379,0.4375112056732178,405,305,140,100.0,0.0
s42m0.dat,1379,0.5722372531890869,600,380,150,100.0,0.0
s42m1.dat,1379,0.5204737186431885,630,380,90,100.0,0.0
s42m2.dat,1379,0.5329773426055908,550,380,90,100.0,0.0
s42m3.dat,1379,0.6516933441162109,460,380,140,100.0,0.0
s43m0.dat,1379,0.4931297302246094,365,335,0,100.0,0.0
s43m1.dat,1379,0.5104260444641113,335,335,70,100.0,0.0
s43m2.dat,1379,0.5898046493530273,405,335,0,100.0,0.0
s43m3.dat,1379,0.5406737327575684,335,335,50,100.0,0.0
s44m0.dat,1379,0.5647182464599609,510,330,170,100.0,0.0
s44m1.dat,1379,0.46480488777160645,480,330,80,100.0,0.0
s44m2.dat,1379,0.6113691329956055,490,330,200,100.0,0.0
s44m3.dat,1379,0.4999723434448242,510,330,220,100.0,0.0
s45m0.dat,1379,0.691615104675293,470,440,70,100.0,0.0
s45m1.dat,1379,0.740187406539917,460,440,0,100.0,0.0
s45m2.dat,1379,0.7167794704437256,480,440,30,100.0,0.0
s45m3.dat,1379,0.6393311023712158,460,440,50,100.0,0.0
s46m0.dat,1379,0.3594706058502197,280,170,40,100.0,0.0
s46m1.dat,1379,0.40525317192077637,170,170,20,100.0,0.0
s46m2.dat,1379,0.3417787551879883,240,170,50,100.0,0.0
s46m3.dat,1379,0.3388361930847168,220,170,90,100.0,0.0
s47m0.dat,1379,0.4207911491394043,270,200,130,100.0,0.0
s47m1.dat,1379,0.35259532928466797,280,200,90,100.0,0.0
s47m2.dat,1379,0.4004526138305664,320,200,20,100.0,0.0
s47m3.dat,1379,0.3622257709503174,250,200,50,100.0,0.0
s48m0.dat,1379,0.43170785903930664,345,255,120,100.0,0.0
s48m1.dat,1379,0.4255373477935791,315,255,85,100.0,0.0
s48m2.dat,1379,0.4316246509552002,340,255,100,100.0,0.0
s48m3.dat,1379,0.5613996982574463,305,255,90,100.0,0.0
s49m0.dat,1379,0.4424409866333008,415,285,210,100.0,0.0
s49m1.dat,1379,0.4863011837005615,500,280,230,100.0,0.0
s49m2.dat,1379,0.4573056697845459,460,285,270,100.0,0.0
s49m3.dat,1379,0.5078644752502441,525,285,165,100.0,0.0
s4m0.dat,1379,0.6484024524688721,670,470,180,100.0,0.0
s4m1.dat,1379,0.6542606353759766,640,470,160,100.0,0.0
s4m2.dat,1379,0.6737062931060791,640,470,90,100.0,0.0
s4m3.dat,1379,0.6445791721343994,740,470,150,100.0,0.0
s50m0.dat,1379,0.4393453598022461,340,255,150,100.0,0.0
s50m1.dat,1379,0.454906702041626,385,255,65,100.0,0.0
s50m2.dat,1379,0.4540832042694092,340,255,80,100.0,0.0
s50m3.dat,1379,0.4453599452972412,315,255,125,100.0,0.0
s51m0.dat,1379,0.4403951168060303,495,255,170,100.0,0.0
s51m1.dat,1379,0.4658389091491699,435,255,220,100.0,0.0
s51m2.dat,1379,0.4716525077819824,485,255,170,100.0,0.0
s51m3.dat,1379,0.45211172103881836,475,255,210,100.0,0.0
s52m0.dat,1379,0.7048711776733398,490,440,60,100.0,0.0
s52m1.dat,1379,0.671844482421875,550,440,110,100.0,0.0
s52m2.dat,1379,0.7516989707946777,550,440,70,100.0,0.0
s52m3.dat,1379,0.6592135429382324,470,440,120,100.0,0.0
s53m0.dat,1379,0.5868873596191406,375,365,100,100.0,0.0
s53m1.dat,1379,0.5916647911071777,395,365,150,100.0,0.0
s53m2.dat,1379,0.6366748809814453,375,365,0,100.0,0.0
s53m3.dat,1379,0.6132502555847168,415,365,130,100.0,0.0
s54m0.dat,1379,0.4726297855377197,285,265,20,100.0,0.0
s54m1.dat,1379,0.4716615676879883,265,265,10,100.0,0.0
s54m2.dat,1379,0.56256103515625,265,265,0,100.0,0.0
s54m3.dat,1379,0.5282914638519287,265,265,20,100.0,0.0
s55m0.dat,1379,0.37787795066833496,165,165,10,100.0,0.0
s55m1.dat,1379,0.3739945888519287,175,165,0,100.0,0.0
s55m2.dat,1379,0.4094259738922119,165,165,50,100.0,0.0
s55m3.dat,1379,0.4120965003967285,205,165,10,100.0,0.0
s56m0.dat,1379,0.8048417568206787,820,710,10,100.0,0.0
s56m1.dat,1379,1.0477960109710693,820,710,80,100.0,0.0
s56m2.dat,1379,0.8534679412841797,820,710,20,100.0,0.0
s56m3.dat,1379,1.00970458984375,780,710,80,100.0,0.0
s57m0.dat,1379,0.6357457637786865,510,390,140,100.0,0.0
s57m1.dat,1379,0.794957160949707,470,390,20,100.0,0.0
s57m2.dat,1379,0.6938900947570801,470,390,100,100.0,0.0
s57m3.dat,1379,0.6437966823577881,390,390,110,100.0,0.0
s58m0.dat,1379,0.7091636657714844,450,400,30,100.0,0.0
s58m1.dat,1379,0.833317756652832,460,400,60,100.0,0.0
s58m2.dat,1379,0.6633577346801758,410,400,90,100.0,0.0
s58m3.dat,1379,0.6761181354522705,430,400,70,100.0,0.0
s59m0.dat,1379,0.7382383346557617,505,435,20,100.0,0.0
s59m1.dat,1379,1.4403345584869385,445,435,70,100.0,0.0
s59m2.dat,1379,1.9793548583984375,585,435,140,100.0,0.0
s59m3.dat,1379,0.9535894393920898,485,435,40,100.0,0.0
s5m0.dat,1379,0.7775111198425293,435,435,0,100.0,0.0
s5m1.dat,1379,0.7460601329803467,435,435,0,100.0,0.0
s5m2.dat,1379,0.7043547630310059,465,435,0,100.0,0.0
s5m3.dat,1379,0.9618628025054932,435,435,0,100.0,0.0
s60m0.dat,1379,0.5478191375732422,445,295,110,100.0,0.0
s60m1.dat,1379,0.5656535625457764,375,295,40,100.0,0.0
s60m2.dat,1379,0.61802077293396,335,295,60,100.0,0.0
s60m3.dat,1379,0.6932382583618164,385,295,80,100.0,0.0
s61m0.dat,1379,0.725534200668335,405,315,100,100.0,0.0
s61m1.dat,1379,0.6289539337158203,345,315,130,100.0,0.0
s61m2.dat,1379,0.5979247093200684,425,315,40,100.0,0.0
s61m3.dat,1379,0.610323429107666,365,315,70,100.0,0.0
s62m0.dat,1379,0.7958536148071289,445,395,10,100.0,0.0
s62m1.dat,1379,0.7331440448760986,475,395,0,100.0,0.0
s62m2.dat,1379,0.7040526866912842,465,395,10,100.0,0.0
s62m3.dat,1379,0.8349008560180664,495,395,80,100.0,0.0
s63m0.dat,1379,0.5449376106262207,235,215,30,100.0,0.0
s63m1.dat,1379,0.46482419967651367,215,215,90,100.0,0.0
s63m2.dat,1379,0.4669618606567383,235,215,40,100.0,0.0
s63m3.dat,1379,0.47555112838745117,245,215,0,100.0,0.0
s64m0.dat,1379,0.6680102348327637,475,335,160,100.0,0.0
s64m1.dat,1379,0.6203234195709229,445,335,80,100.0,0.0
s64m2.dat,1379,0.6233625411987305,425,335,130,100.0,0.0
s64m3.dat,1379,0.6316208839416504,565,335,60,100.0,0.0
s65m0.dat,1379,0.625946044921875,580,350,260,100.0,0.0
s65m1.dat,1379,0.7440185546875,550,350,200,100.0,0.0
s65m2.dat,1379,0.6054365634918213,600,350,220,100.0,0.0
s65m3.dat,1379,0.6066982746124268,480,350,210,100.0,0.0
s66m0.dat,1379,0.6877353191375732,540,390,180,100.0,0.0
s66m1.dat,1379,0.8661632537841797,560,390,170,100.0,0.0
s66m2.dat,1379,0.7814686298370361,540,390,170,100.0,0.0
s66m3.dat,1379,0.689704418182373,670,390,170,100.0,0.0
s67m0.dat,1379,0.7626476287841797,745,535,120,100.0,0.0
s67m1.dat,1379,0.7851142883300781,715,535,90,100.0,0.0
s67m2.dat,1379,0.8009324073791504,645,535,130,100.0,0.0
s67m3.dat,1379,0.8164412975311279,605,535,80,100.0,0.0
s68m0.dat,1379,0.5631074905395508,440,290,250,100.0,0.0
s68m1.dat,1379,0.6360278129577637,510,290,160,100.0,0.0
s68m2.dat,1379,0.5614936351776123,530,290,170,100.0,0.0
s68m3.dat,1379,0.5712485313415527,480,290,250,100.0,0.0
s69m0.dat,1379,0.7098970413208008,525,395,60,100.0,0.0
s69m1.dat,1379,0.6972353458404541,585,395,130,100.0,0.0
s69m2.dat,1379,0.7166917324066162,455,395,30,100.0,0.0
s69m3.dat,1379,0.6972179412841797,445,395,160,100.0,0.0
s6m0.dat,1379,1.0699071884155273,625,505,180,100.0,0.0
s6m1.dat,1379,0.8104944229125977,725,505,130,100.0,0.0
s6m2.dat,1379,0.8239943981170654,645,505,70,100.0,0.0
s6m3.dat,1379,0.8264882564544678,665,505,60,100.0,0.0
s70m0.dat,1379,0.5429327487945557,490,290,250,100.0,0.0
s70m1.dat,1379,0.5360972881317139,490,290,145,100.0,0.0
s70m2.dat,1379,0.5018367767333984,430,290,170,100.0,0.0
s70m3.dat,1379,0.5417542457580566,470,290,140,100.0,0.0
s71m0.dat,1379,0.6766471862792969,655,405,90,100.0,0.0
s71m1.dat,1379,0.6941318511962891,665,405,210,100.0,0.0
s71m2.dat,1379,0.6574697494506836,605,405,150,100.0,0.0
s71m3.dat,1379,0.6434404850006104,605,405,170,100.0,0.0
s72m0.dat,1379,0.7080469131469727,505,425,170,100.0,0.0
s72m1.dat,1379,0.6562044620513916,585,425,250,100.0,0.0
s72m2.dat,1379,0.7012162208557129,605,425,240,100.0,0.0
s72m3.dat,1379,0.7058415412902832,585,425,180,100.0,0.0
s73m0.dat,1379,0.5428504943847656,355,235,60,100.0,0.0
s73m1.dat,1379,0.4177374839782715,310,235,165,100.0,0.0
s73m2.dat,1379,0.4924614429473877,260,235,200,100.0,0.0
s73m3.dat,1379,0.42569732666015625,325,235,115,100.0,0.0
s74m0.dat,1379,0.7078626155853271,525,465,70,100.0,0.0
s74m1.dat,1379,0.6083717346191406,495,465,40,100.0,0.0
s74m2.dat,1379,0.6055209636688232,555,465,100,100.0,0.0
s74m3.dat,1379,0.6154994964599609,495,465,20,100.0,0.0
s75m0.dat,1379,0.6234052181243896,495,355,70,100.0,0.0
s75m1.dat,1379,0.5214738845825195,425,355,100,100.0,0.0
s75m2.dat,1379,0.5293481349945068,385,355,100,100.0,0.0
s75m3.dat,1379,0.6513299942016602,445,355,60,100.0,0.0
s76m0.dat,1379,0.40622735023498535,325,245,100,100.0,0.0
s76m1.dat,1379,0.39801931381225586,325,245,130,100.0,0.0
s76m2.dat,1379,0.44850659370422363,405,245,70,100.0,0.0
s76m3.dat,1379,0.40231847763061523,315,245,50,100.0,0.0
s77m0.dat,1379,0.6387031078338623,785,725,60,100.0,0.0
s77m1.dat,1379,0.6324605941772461,785,725,10,100.0,0.0
s77m2.dat,1379,0.7704555988311768,905,725,50,100.0,0.0
s77m3.dat,1379,0.6572766304016113,790,725,0,100.0,0.0
s78m0.dat,1379,0.46685099601745605,420,320,220,100.0,0.0
s78m1.dat,1379,0.5264160633087158,450,320,150,100.0,0.0
s78m2.dat,1379,0.46747422218322754,420,320,160,100.0,0.0
s78m3.dat,1379,0.46326446533203125,450,320,170,100.0,0.0
s79m0.dat,1379,0.41892004013061523,345,230,120,100.0,0.0
s79m1.dat,1379,0.37302160263061523,360,235,60,100.0,0.0
s79m2.dat,1379,0.3779935836791992,280,235,65,100.0,0.0
s79m3.dat,1379,0.4169962406158447,330,230,85,100.0,0.0
s7m0.dat,1379,0.5194907188415527,505,355,130,100.0,0.0
s7m1.dat,1379,0.5445811748504639,505,355,200,100.0,0.0
s7m2.dat,1379,0.5386145114898682,465,355,190,100.0,0.0
s7m3.dat,1379,0.5819921493530273,515,355,180,100.0,0.0
s80m0.dat,1379,0.6454646587371826,730,630,110,100.0,0.0
s80m1.dat,1379,0.7033555507659912,780,630,50,100.0,0.0
s80m2.dat,1379,0.6015381813049316,750,630,70,100.0,0.0
s80m3.dat,1379,0.5955841541290283,680,630,115,100.0,0.0
s81m0.dat,1379,0.6582546234130859,595,455,180,100.0,0.0
s81m1.dat,1379,0.6093463897705078,595,455,140,100.0,0.0
s81m2.dat,1379,0.5529847145080566,615,455,110,100.0,0.0
s81m3.dat,1379,0.5409190654754639,555,455,150,100.0,0.0
s82m0.dat,1379,0.4859936237335205,365,345,30,100.0,0.0
s82m1.dat,1379,0.4853096008300781,355,345,70,100.0,0.0
s82m2.dat,1379,0.4862220287322998,365,345,40,100.0,0.0
s82m3.dat,1379,0.6504373550415039,365,345,0,100.0,0.0
s83m0.dat,1379,0.6697924137115479,630,520,150,100.0,0.0
s83m1.dat,1379,0.6738650798797607,650,520,160,100.0,0.0
s83m2.dat,1379,0.6610150337219238,630,520,90,100.0,0.0
s83m3.dat,1379,0.7021245956420898,640,520,100,100.0,0.0
s84m0.dat,1379,0.8807270526885986,775,705,80,100.0,0.0
s84m1.dat,1379,0.6894845962524414,785,705,70,100.0,0.0
s84m2.dat,1379,0.8544609546661377,795,705,150,100.0,0.0
s84m3.dat,1379,0.8456594944000244,845,705,70,100.0,0.0
s85m0.dat,1379,0.5146195888519287,515,365,160,100.0,0.0
s85m1.dat,1379,0.5227394104003906,525,365,90,100.0,0.0
s85m2.dat,1379,0.5246431827545166,505,365,150,100.0,0.0
s85m3.dat,1379,0.5283834934234619,475,365,140,100.0,0.0
s86m0.dat,1379,0.46189236640930176,380,290,90,100.0,0.0
s86m1.dat,1379,0.4560270309448242,490,290,110,100.0,0.0
s86m2.dat,1379,0.5047831535339355,470,290,140,100.0,0.0
s86m3.dat,1379,0.4580650329589844,410,290,60,100.0,0.0
s87m0.dat,1379,0.7528941631317139,790,790,0,100.0,0.0
s87m1.dat,1379,0.7557337284088135,800,790,130,100.0,0.0
s87m2.dat,1379,0.8624308109283447,790,790,100,100.0,0.0
s87m3.dat,1379,0.7468578815460205,890,790,140,100.0,0.0
s88m0.dat,1379,0.43853092193603516,470,270,110,100.0,0.0
s88m1.dat,1379,0.437469482421875,480,270,160,100.0,0.0
s88m2.dat,1379,0.44454097747802734,540,270,210,100.0,0.0
s88m3.dat,1379,0.4423024654388428,400,270,40,100.0,0.0
s89m0.dat,1379,0.4540858268737793,350,275,50,100.0,0.0
s89m1.dat,1379,0.47458863258361816,425,275,95,100.0,0.0
s89m2.dat,1379,0.4452822208404541,360,275,120,100.0,0.0
s89m3.dat,1379,0.48725104331970215,355,275,65,100.0,0.0
s8m0.dat,1379,0.42963671684265137,320,240,100,100.0,0.0
s8m1.dat,1379,0.4221360683441162,380,240,100,100.0,0.0
s8m2.dat,1379,0.4999966621398926,440,240,110,100.0,0.0
s8m3.dat,1379,0.4210629463195801,330,240,80,100.0,0.0
s90m0.dat,1379,0.42485928535461426,245,205,20,100.0,0.0
s90m1.dat,1379,0.38269853591918945,245,205,20,100.0,0.0
s90m2.dat,1379,0.4169316291809082,225,205,50,100.0,0.0
s90m3.dat,1379,0.388469934463501,205,205,0,100.0,0.0
s91m0.dat,1379,0.3576638698577881,250,180,120,100.0,0.0
s91m1.dat,1379,0.3936173915863037,250,180,100,100.0,0.0
s91m2.dat,1379,0.36020469665527344,240,180,100,100.0,0.0
s91m3.dat,1379,0.3638472557067871,250,180,0,100.0,0.0
s92m0.dat,1379,0.6387221813201904,635,385,140,100.0,0.0
s92m1.dat,1379,0.5800848007202148,545,385,180,100.0,0.0
s92m2.dat,1379,0.5956618785858154,565,385,200,100.0,0.0
s92m3.dat,1379,0.9031848907470703,585,385,150,100.0,0.0
s93m0.dat,1379,1.3212008476257324,635,415,190,100.0,0.0
s93m1.dat,1379,0.8097388744354248,545,415,120,100.0,0.0
s93m2.dat,1379,0.6571774482727051,595,415,90,100.0,0.0
s93m3.dat,1379,0.4990856647491455,545,415,240,100.0,0.0
s94m0.dat,1379,0.6025002002716064,810,700,0,100.0,0.0
s94m1.dat,1379,0.6005609035491943,700,700,10,100.0,0.0
s94m2.dat,1379,0.7323861122131348,790,700,90,100.0,0.0
s94m3.dat,1379,0.6591842174530029,790,700,60,100.0,0.0
s95m0.dat,1379,0.5468463897705078,465,305,70,100.0,0.0
s95m1.dat,1379,0.5273151397705078,475,305,130,100.0,0.0
s95m2.dat,1379,0.626084566116333,335,305,180,100.0,0.0
s95m3.dat,1379,0.5217235088348389,425,305,80,100.0,0.0
s96m0.dat,1379,0.6385505199432373,560,390,80,100.0,0.0
s96m1.dat,1379,0.8075606822967529,590,390,200,100.0,0.0
s96m2.dat,1379,1.0942211151123047,520,390,200,100.0,0.0
s96m3.dat,1379,0.8544375896453857,530,390,80,100.0,0.0
s97m0.dat,1379,0.5593969821929932,350,260,100,100.0,0.0
s97m1.dat,1379,0.507774829864502,350,260,120,100.0,0.0
s97m2.dat,1379,0.6483960151672363,360,260,90,100.0,0.0
s97m3.dat,1379,0.5781700611114502,340,260,20,100.0,0.0
s98m0.dat,1379,0.8819952011108398,585,435,70,100.0,0.0
s98m1.dat,1379,0.7802422046661377,555,435,120,100.0,0.0
s98m2.dat,1379,0.7558188438415527,575,435,110,100.0,0.0
s98m3.dat,1379,0.8152902126312256,565,435,140,100.0,0.0
s99m0.dat,1379,0.5087769031524658,325,255,70,100.0,0.0
s99m1.dat,1379,0.555689811706543,375,255,90,100.0,0.0
s99m2.dat,1379,0.5487146377563477,295,255,140,100.0,0.0
s99m3.dat,1379,0.5839071273803711,375,255,100,100.0,0.0
s9m0.dat,1379,0.6253349781036377,460,360,90,100.0,0.0
s9m1.dat,1379,0.6506400108337402,500,360,130,100.0,0.0
s9m2.dat,1379,0.6486656665802002,510,360,110,100.0,0.0
s9m3.dat,1379,0.665973424911499,580,360,60,100.0,0.0
